condition,n_seeds,mean_wer_gap,sd_wer_gap,mean_wer_ratio,sd_wer_ratio,mean_wer_worst,sd_wer_worst,mean_cer_gap,sd_cer_gap,mean_cer_ratio,sd_cer_ratio,mean_cer_worst,sd_cer_worst
unpruned,1,0.025657663927402458,0.0,1.182951992101463,0.0,0.1659002687369364,0.0,0.017055399253241454,0.0,1.2150067247941432,0.0,0.09638035650549036,0.0
pruned_2L,1,0.014320296225107387,0.0,1.0896019600023696,0.0,0.17414153478650343,0.0,0.009297890582218402,0.0,1.101555766318652,0.0,0.10085242184383464,0.0
