seed,gender,n_utts,wer_unpruned,wer_pruned_2L,wer_delta,wer_ci_low,wer_ci_high,wer_p_value_two_sided,cer_unpruned,cer_pruned_2L,cer_delta,cer_ci_low,cer_ci_high,cer_p_value_two_sided
42,male,1806,0.1659002687369364,0.17414153478650343,0.008241266049567042,0.002937017372337241,0.013378964419865632,0.001,0.09638035650549036,0.10085242184383464,0.0044720653383442804,-0.0009978711170280502,0.008893397170322314,0.075
42,missing,14082,0.1504729020783879,0.16620405854907241,0.015731156470684515,0.011824879192834337,0.020136820679014657,0.0,0.08541537778200796,0.09619177546175119,0.010776397679743227,0.007245073653982446,0.014617037940188527,0.0
42,female,491,0.14024260480953393,0.15982123856139605,0.019578633751862112,0.009953330551815253,0.029521387994450123,0.0,0.0793249572522489,0.09155453126161624,0.012229574009367333,0.005972622221609027,0.018614284225305023,0.0
