condition,seed,gender,n_utts,duration_hours,wer,wer_ci_low,wer_ci_high,cer,cer_ci_low,cer_ci_high,analysable
pruned_2L,42,male,1806,2.8968,0.17414153478650343,0.16436329940560232,0.18541301737373136,0.10085242184383464,0.09396250756991271,0.10874488888302457,yes
pruned_2L,42,female,491,0.8054,0.15982123856139605,0.1413476047731652,0.17773860780967293,0.09155453126161624,0.07953739932115442,0.10429500075561966,yes
pruned_2L,42,other,11,0.0158,0.10344827586206896,0.10344827586206896,0.10344827586206896,0.0350609756097561,0.0350609756097561,0.0350609756097561,no
pruned_2L,42,missing,14082,23.3028,0.16620405854907241,0.16135441432191563,0.17132313130180107,0.09619177546175119,0.09214926260133018,0.1006995450992076,yes
pruned_2L,42,ALL,16390,27.0207,0.16681736275433973,0.16237749710269855,0.171548935649231,0.096509205216972,0.09270919118062221,0.10047457074314786,yes
